{"current":{"favicon":"shopify:\/\/shop_images\/favicon.png","preloader_enable":false,"preloader":"shopify:\/\/shop_images\/prelaoder.gif","header_font":"garamond_n7","h4_size":22,"h5_size":20,"h6_size":16,"base_font":"josefin_sans_n4","type_base_size":16,"additional_font":"josefin_sans_n4","type_additional_size":20,"container_width":1580,"tab_container_width":960,"fullwidth_gap":15,"gutter_width":30,"overall_border_radius":0,"primary_color":"#d14031","secondary_color":"#e12503","tertiary_color":"#fdefe1","body_bg_color":"#ffffff","body_text_color":"#000000","overlay_color":"#fdefe1","link_color":"#000000","link_hover_color":"#d14031","heading_color":"#000000","button_bg_color":"#d14031","button_bg_hover_color":"#000000","button_padding":"14px 30px 14px 30px","button_border_radius":0,"blog_bg_color":"rgba(0,0,0,0)","blog_link_color":"#000000","blog_link_hover_color":"#d14031","blog_text_color":"#676767","blog_icon_color":"#d14031","blog_button_bg_color":"#d14031","blog_button_bg_hover_color":"#000000","blog_link_hover_color_overlay":"#fdefe1","blog_text_color_overlay":"#ffffff","blog_icon_color_overlay":"#ffffff","blog_button_bg_color_overlay":"#d14031","blog_button_bg_hover_color_overlay":"#fdefe1","blog_gutter_width":30,"input_padding":"14px 30px 14px 30px","use_breadcrumb":true,"breadcrumb_image":"shopify:\/\/shop_images\/shutterstock_53613544.jpg","color_image_overlay":"#fdefe1","breadcrumb_text_color":"#000000","breadcrumb_text_hover_color":"#d14031","breadcrumb_style":"center","image_overlay_opacity":99,"breadcrumb_padding_top":90,"breadcrumb_padding_bottom":80,"breadcrumb_margin_bottom":90,"show_product_swatches":true,"show_quick_shop_product_link":true,"show_quick_shop_desc":true,"collections_show_sale_circle":true,"collections_show_sold_out_circle":true,"secondary_image_use":true,"offer_price_enable":true,"collections_show_new_circle":true,"display_vendor":true,"truncated_description":false,"excerpt_count":"20","enable_add_cart":true,"item_aignment":"content-left","product_button_style":"icon","icon_aignment":"icon-right","enable_compare":false,"enable_wishlist":true,"display_color_variant":false,"display_item_size":false,"product_review":false,"sidebar_width":390,"collection_sidebar_use":"left","product_page_sidebar":"left_sidebar","blog_page_sidebar":"full_width","collection_sidebar_mobile":true,"product_sidebar_mobile":true,"sidebar_title_bg":"#e9e9e9","sidebar_title_border":"#d14031","cart_notes_enable":false,"ajax_cart_method":"drawer","search_grid":"3","search_results_per_page":"8","enable_timer":true,"timer":"903710998572@10\/24\/2021_00:00:00","timer_button_bg":"#d14031","social_twitter_link":"#","social_facebook_link":"#","social_pinterest_link":"#","social_google_plus_link":"#","social_instagram_link":"#","social_tumblr_link":"#","social_youtube_link":"","social_vimeo_link":"","social_rss_link":"","social_linkedin_link":"","social_sharing_count":true,"share_facebook":true,"share_twitter":true,"share_pinterest":true,"share_google":true,"password_bg_color":"#d14031","password_bg_img":"shopify:\/\/shop_images\/modern-jewelry-and-accessories-on-display.jpg","password_logo":"shopify:\/\/shop_images\/about-icon-1.png","logo_txt_color":"#d14031","pwd_header_color":"#d14031","pwd_show_share_buttons":false,"pwd_newsletter_enable":true,"pwd_newsletter_form_heading_clr":"#000000","pwd_newsletter_inpt_bg":"#ffffff","pwd_newsletter_btn_bg":"#d14031","pwd_newsletter_btn_hoverbg":"#e12503","pwd_placeholder_txt":"#000000","social_title_clr":"#000000","social_icon_clr":"#d14031","social__icon_hoverclr":"#e12503","checkout_accent_color":"#000000","checkout_button_color":"#000000","checkout_error_color":"#d14031","animae_enable":true,"favicon_enable":true,"enable_collection_sidebar":true,"enable_boxed":true,"breadcrumb_bg_image":true,"boxed_bg_color":"#ce5252","count_down_enable":true,"count_down_collections":true,"home_productdeal_time":"24 May","enable_color_swatch":true,"show_wislist":true,"show_prt_quickview_desc":false,"show_smart_checkout":true,"social_sharing_style":"normal","sections":{"header":{"type":"header","blocks":{"fa1b82e4-baaf-481c-b7a0-d9d7d230b1cd":{"type":"promo_image","settings":{"mega_1":"Categories","mega_columns":"four-column","row_reverse":false,"image_1":"shopify:\/\/shop_images\/abou-new-10.jpg","title_1":"Heading","button_1":"Button","link_1":"shopify:\/\/collections\/ficition","title_2":"Heading","button_2":"Button","link_2":"shopify:\/\/collections\/history","title_3":"Heading","button_3":"Button","link_3":"shopify:\/\/collections\/humor","title_4":"Heading","button_4":"Button","link_4":"shopify:\/\/collections\/literature"}},"5047ccac-0496-4d30-9525-2df21349a041":{"type":"product","settings":{"mega_1":"Categories","mega_columns":"four-column","row_reverse":true,"product1":"adventurous-eating","product2":"books-for-a-cause","product3":"fresh-healthy-eats","product4":"endless-summer"}},"c674a295-aa18-49c4-b973-eb26fbc4aced":{"type":"promo_image","settings":{"mega_1":"shop","mega_columns":"four-column","row_reverse":false,"title_1":"Heading","button_1":"Heading","link_1":"#","title_2":"Heading","button_2":"Heading","link_2":"#","title_3":"Heading","button_3":"Heading","link_3":"#","title_4":"Heading","button_4":"Heading","link_4":"#"}}},"block_order":["fa1b82e4-baaf-481c-b7a0-d9d7d230b1cd","5047ccac-0496-4d30-9525-2df21349a041","c674a295-aa18-49c4-b973-eb26fbc4aced"],"settings":{"full":false,"spacing_both_ends":false,"use_sticky_header":false,"use_sticky_mobile":false,"show_announcement":true,"hide_announcement_mobile":true,"home_page_only":true,"bg_color":"#413d3c","text_color":"#ffffff","text_hover_color":"#e12503","text":"FREE SHIPPING & RETURN - MONEY BACK GUARANTEE - ONLINE SUPPORT 24\/7","announcement_height":40,"topbar_bg":"rgba(0,0,0,0)","disable_topbar":true,"disable_topbar_mobile":false,"header_mail":"sample@example.com","header_phone":"0000 - 123 - 456789","header_contact":"#ffffff","header_contact_hover":"#d14031","logo":"shopify:\/\/shop_images\/logo_png.png","logo_max_width":250,"menu_align":"logo_top_center","show_header_social":true,"search_type":"search-icon","social_icon_color":"#d14031","social_icon_hover_color":"#ffffff","social_icon_bg":"#ffffff","social_icon_hover_bg":"#e12503","show_account":true,"show_header_cart":true,"show_header_wishlist":true,"show_header_compare":true,"icon_color":"#ffffff","icon_hover_color":"#ffffff","icon_bg":"#d14031","icon_hover_bg":"#e12503","pick_menu":"main-menu","show_secondary_menu":false,"secondary_menu":"","header_bg":"#e12503","menu_color":"#ffffff","menu_active_color":"#a7b3ab","menu_active_bg":"rgba(0,0,0,0)","mega_menu_bg":"#ffffff","submenu_color":"#000000","submenu_hover_color":"#a7b3ab","font_size":16,"font_size_sub":14,"show_header_currency":true}},"modal-newsletter":{"type":"modal-newsletter","settings":{"enable_newsletter_modal":true,"dt_sc_cookie-expires":4,"dt_sc_cookie-modal-delay":"1000","overlay_background_color":"","overlay_background_transparency":"0.75","block_text_align":"text-start","enable_overlay":true,"background_color":"#000000","overlay_transparency":"0.75","form_style":"style-5","form_gap":"15px","dt_sc_cookie-modal-title":"GET <span>10%<\/span> OFF","dt_sc_cookie-modal-content":"Subscribe now and receive a discount on your first order","dt_sc_newsletter_additional_content":"Signup for exclusive updates","enable_social_icon":true,"section_title_color":"","section_sub_title_color":"","form_bg":"","button_bg_color":"","button_text_color":"","button_hover_bg_color":"","button_hover_text_color":"","additional_text_color":"","social_icon_color":"","social_icon_hover_color":""}},"product-template":{"type":"product-template","settings":{"hide_breadcrumb":false,"gallery_type":"thumbnails_horizontal","vertical_style":"dt-sc-product-vertical-thumb-left","enable_zoom":true,"enable_video_looping":true,"reviews":true,"show_featured_shop_desc":true,"featured_view_desc_truncate":"30","show_variants_swatches":true,"deals_section":true,"show_size_chart":false,"show_product_vendor":true,"show_product_type":true,"show_product_sku":true,"show_product_quantity":false,"display_back_in_stock":true,"show_quantity_selector":true,"show_checkout":true,"hide_addtocart":false,"show_wishlist":true,"show_share_buttons":true,"product_tab1":true,"product_tab1_heading":"Product Description","product_tab2":true,"product_tab2_heading":"","page_content":"","product_tab3":true,"product_tab3_heading":"Reviews","enable_enquiry":true}},"product-recommendations":{"type":"product-recommendations","settings":{"show_product_recommendations":false,"heading":"Recommended products","heading_position":"text-center"}},"collection-template":{"type":"collection-template","blocks":{"a1d367b4-4071-49eb-bda9-32ee77d6cc55":{"type":"menu","settings":{"filter_title":"Category","linklist":"category-menu"}},"b688647b-8613-4599-9675-5ea7e9850e70":{"type":"tag","settings":{"filter_title":"Shop By Price","other_tag":"$100 - $200, $200 - $300, $300 - $400, $400 - $500, $500 - $700"}},"872be516-3e30-410a-ae3a-b5a2cc663c72":{"type":"tag","settings":{"filter_title":"Shop By Format","other_tag":"Paperback, Hardcover, Kindle Edition, Large Print, Audible Audiobook"}},"08da70d9-8ee2-447d-a9df-85e9fd0d9bd6":{"type":"tag","settings":{"filter_title":"Shop By Language","other_tag":"English, Spanish, Japanese, Hebrew, Korean"}},"8abc2a65-3436-40a5-9375-190657f41e2a":{"type":"tag","settings":{"filter_title":"Shop By Author","other_tag":"Donald William, John Erik, Alice James, Michael Alice, Adam Baid"}},"cbf323fa-136a-4191-9bc3-c84f61e32024":{"type":"tag","settings":{"filter_title":"Shop By Topic","other_tag":"Business, Literature, Fiction, Humor, Entertainment"}},"3b2664d4-048a-4939-bbd4-dc78869431b9":{"type":"carousel","settings":{"title":"Best Sellers","collection":"ficition","limit":5}}},"block_order":["a1d367b4-4071-49eb-bda9-32ee77d6cc55","b688647b-8613-4599-9675-5ea7e9850e70","872be516-3e30-410a-ae3a-b5a2cc663c72","08da70d9-8ee2-447d-a9df-85e9fd0d9bd6","8abc2a65-3436-40a5-9375-190657f41e2a","cbf323fa-136a-4191-9bc3-c84f61e32024","3b2664d4-048a-4939-bbd4-dc78869431b9"],"settings":{"hide_breadcrumb":false,"show_collection_image":true,"collections_sort_enable":true,"collections_view_enable":true,"item_pre_view":true,"grid":"3","rows":"3","text_color":"#000000","title_color":"#000000","title_hover_color":"#d14031","product_bg":"rgba(0,0,0,0)"}},"footer":{"type":"footer","blocks":{"adeea2c9-cb9e-4124-a1bd-b2ffe04b0ef7":{"type":"logo","settings":{"title":"","text":"1203 Town Center<br>\nDrive FL 33458 USA<br> +0000 123 456 789<br>\n<a href=\"mailto:info@example.com\">info@example.com<\/a>","link_text":"","url":"shopify:\/\/collections","footer_btn_color":"#ffffff","footer_btn_bg":"#d14031","footer_btn_hover_color":"#ffffff","footer_btn_hover_bg":"#e12503","logo":"shopify:\/\/shop_images\/footer-logo.png","footer_logo_height":24,"container_width":25,"column_alignment":"text-start"}},"3c78dbfb-8e3d-480c-9884-812ab12a238f":{"type":"menu","settings":{"title":"Help","menu":"footer","container_width":25,"column_alignment":"text-start"}},"a24aa77d-9634-4ea1-b1e1-de4e69cc14e5":{"type":"menu","settings":{"title":"Support","menu":"footer-menu-3","container_width":25,"column_alignment":"text-start"}},"04931952-439f-4d02-a691-b4417ccf29db":{"type":"menu","settings":{"title":"Information","menu":"footer-menu-2","container_width":25,"column_alignment":"text-start"}},"f6d36938-01d5-49c1-9a55-99e56cc98853":{"type":"social","settings":{"title":"","container_width":100,"column_alignment":"text-center"}}},"block_order":["adeea2c9-cb9e-4124-a1bd-b2ffe04b0ef7","3c78dbfb-8e3d-480c-9884-812ab12a238f","a24aa77d-9634-4ea1-b1e1-de4e69cc14e5","04931952-439f-4d02-a691-b4417ccf29db","f6d36938-01d5-49c1-9a55-99e56cc98853"],"settings":{"full":false,"spacing_both_ends":true,"padding":"105,0","top_space":90,"footer_bg_clr":"rgba(0,0,0,0)","color_opacity":1,"footer_bg_img":true,"image_1":"shopify:\/\/shop_images\/footer.jpg","show_footer_title":true,"footer_heading_clr":"#ffffff","footer_txt_clr":"#ffffff","footer_link_clr":"#ffffff","footer_link_hover_clr":"#d14031","footer__bottom_bg":"rgba(0,0,0,0)","color_borders":"#7e7e7e","show_payment_icons":true,"show_copyright":true,"show_social":true,"social_placement":"default","social_style":"inline","newsletter_placement":"default","footer_menu_style":"vertical","enable_inline_footer_menu":false,"footer":"footer","copyright_text":"| <a href=\"https:\/\/themeforest.net\/user\/designthemes\/portfolio\">Design Themes<\/a>"}},"gdpr-cookies":{"type":"gdpr-cookies","settings":{"show_gdpr":false,"style":"bottom","enable_box_shadow":false,"text":"Please click Accept Cookies to continue to use the site.","accept":"Accept","decline":"Decline","bg_color":"#000000","text_color":"#ffffff","button_bg_color":"#d14031","button_text_color":"#ffffff","button_text_hover_color":"#ffffff","button_bg_hover_color":"#e12503","button_padding":"5px 15px 5px 15px"}},"related-products":{"type":"related-products","settings":{"show_related_products":true,"title":"Related products","heading_position":"text-center","grid":"5","rows":"1","enable_slider":false,"enable_auto_height":true,"autoplay":true,"pagination":true,"carousel_pagination_alignment":"center_pagination","carousel_pagination_bottom_alignment":"inside_element","navigation":true,"nav_arrow_position":"navigation-bottom-center","center_nav_arrow_alignment":"inside_container","navigation_button_color":"#ec7979","navigation_button_icon_color":"#d8000c","navigation_button_hover_color":"#70bdc2","navigation_button_hover_icon_color":"#9f6000","navigation_dot_color":"#4f8a10","navigation_dot_active_color":"#d1ed00","column_gap":"30"}},"recently-viewed-products":{"type":"recently-viewed-products","settings":{"show_product_recently":true,"title":"Recently viewed products","heading_position":"text-center","items_to_show":"4"}},"product-sidebar":{"type":"product-sidebar","blocks":{"2609ab18-f9bf-4ce5-bfc8-e3fd42c808bf":{"type":"carousel","settings":{"title":"Hot Deals","collection":"ficition","limit":4}},"cc1a3ed0-0e93-4c94-978b-7ac433b101da":{"type":"collection","settings":{"title":"Best Sellers","collection":"history","limit":2}}},"block_order":["2609ab18-f9bf-4ce5-bfc8-e3fd42c808bf","cc1a3ed0-0e93-4c94-978b-7ac433b101da"],"settings":{}},"blog-template":{"type":"blog-template","settings":{"blog_results_per_page":9,"blog_show_author":true,"blog_show_date":true,"blog_comments":false,"blog_show_tag":false,"blog_show_button":true,"blog_show_description":true,"enable_blog_icons":false,"block_banner_style":"grid-style","grid":"3","text_position":"text-start","column_gap":"30","enable_box_shadow":false,"content_width":"50\/50","lap_content_width":"40\/60","vertical_position":"vertical-top","overlay_style_height":"400","overlay_style":"use_overlay","overlay_color":"#d14031","overlay_opacity":"0.8","rotation_degree":"180","split_blog_layout":false,"split_gap":""}},"blog-sidebar":{"type":"blog-sidebar","blocks":{"29637960-dcd5-4fe3-882d-b4c5093cec94":{"type":"articles","settings":{"title":"Recent articles","limit":5}},"2ede1c8f-3213-4153-9af1-353cef94fd70":{"type":"tags","settings":{"title":"Tags","limit":10}},"891a0969-9285-4427-87ea-c0e45c33bff2":{"type":"carousel","settings":{"title":"Heading","collection":"featured-products","limit":5}},"a38d3ba3-d77b-42e7-9c53-c333f970a13c":{"type":"collection","settings":{"title":"Heading","collection":"featured-products","limit":2}},"d9d49971-5f19-450d-9f54-486cb0b3a9d6":{"type":"image","settings":{"title":"Heading","link_text":"Shop Now","link":"shopify:\/\/collections"}}},"block_order":["29637960-dcd5-4fe3-882d-b4c5093cec94","2ede1c8f-3213-4153-9af1-353cef94fd70","891a0969-9285-4427-87ea-c0e45c33bff2","a38d3ba3-d77b-42e7-9c53-c333f970a13c","d9d49971-5f19-450d-9f54-486cb0b3a9d6"],"settings":{}},"customer-purchased":{"type":"customer-purchased","blocks":{"a99cf698-9b20-4fae-b092-53ec06ddc104":{"type":"image","settings":{"product":"adventurous-eating","from":"Texas, US","time":"10 minutes ago"}},"9d66bd40-a2ec-4683-a573-704c38a7a0e9":{"type":"image","settings":{"product":"beauty-of-structures","from":"Newyork, US","time":"45 minutes ago"}},"230b0ecb-020f-4c39-bf47-52b587056412":{"type":"image","settings":{"product":"books-for-a-cause","from":"Chennai, India","time":"19 minutes ago"}},"8dbb4b4f-d9ca-4553-b804-4271607154ff":{"type":"image","settings":{"product":"donate-a-book","from":"Sydney, Australia","time":"27 minutes ago"}}},"block_order":["a99cf698-9b20-4fae-b092-53ec06ddc104","9d66bd40-a2ec-4683-a573-704c38a7a0e9","230b0ecb-020f-4c39-bf47-52b587056412","8dbb4b4f-d9ca-4553-b804-4271607154ff"],"settings":{"display_recent_purchase":true,"placement":"right","text":"Someone recently bought"}},"home-featured-product":{"type":"home-featured-product","settings":{"featured_product":"dirndl-skew","gallery_type":"thumbnails_horizontal","enable_zoom":true,"enable_video_looping":true,"show_variants_swatches":true,"show_product_vendor":true,"show_product_type":true,"show_product_sku":true,"show_product_quantity":true,"display_back_in_stock":true,"show_quantity_selector":true,"show_checkout":true}},"contact":{"type":"contact","settings":{"full":false,"spacing_both_ends":false,"padding":"100,100","margin":"100,100","section_heading":"","section_sub_heading":"","section_description":"","section_button_text":"","section_heading_color":"#000000","section_sub_heading_color":"#000000","section_description_color":"#000000","section_button_bg_color":"#d14031","section_button_text_color":"#ffffff","section_button_hover_bg_color":"#000000","section_button_hover_text_color":"#ffffff","heading_position":"text-center","contact_layout":"left_map_form_inline","enable_gmap":true,"contact_iframe_code":"<iframe width=\"1920\" height=\"590\" style=\"border:0;overflow:hidden;\" src=\"https:\/\/maps.google.co.in\/?ie=UTF8&t=m&ll=-37.823006,144.977388&spn=0.02034,0.042915&z=14&output=embed\"><\/iframe>","enable_contact_info":true,"contactborder_color":"#676767","contact_hvrborder_color":"#d14031","icontactheading_color":"#000000","contacticon_bg_color":"#000000","contacticon_color":"#ffffff","contacticon_hoverbg_color":"#d14031","contacticonhover_color":"#ffffff","contact_phone":true,"contact_module_contact_phonetitle":"Phone","contact_icon_1":"fa fa-phone","contact_phone1":"<b>Toll-Free: <\/b> 0000 - 123 - 456789","contact_phone2":"<b>Fax: <\/b> 0000 - 123 - 456789","contact_module_email":true,"contact_module_contact_title":"Email","contact_icon_2":"fa fa-envelope","contact_module_email1":"mail@example.com","contact_module_email2":"support@example.com","contact_module_address":true,"contact_module_address_title":"Address","contact_icon_3":"fa fa-location-arrow","contact_module_address1":"No: 58 A, East Madison Street,","contact_module_address2":"Baltimore, MD, USA\n4508","enable_contact_form":true,"contact_form_title":"Contact Form"}},"password-header":{"type":"password-header","settings":{}},"password-content":{"type":"password-content","settings":{}},"password-footer":{"type":"password-footer","settings":{}},"faq-template":{"type":"faq-template","blocks":{"1b4b54c9-8880-4fe6-9658-1dc17d72ad38":{"type":"icon","settings":{"title":"How will my order be delivered to me?","desc":"Purus semper eget duis at tellus at urna condimentum. Eu volutpat odio facilisis mauris sit amet massa. Nam libero justo laoreet sit. Elit sed vulputate mi sit amet mauris commodo quis imperdiet. At in tellus integer feugiat scelerisque. Donec ultrices tincidunt arcu non. Vel eros donec ac odio. Sit amet facilisis magna etiam tempor orci eu. Et netus et malesuada fames ac turpis egestas maecenas. Fringilla urna porttitor rhoncus dolor purus non enim praesent. Cras tincidunt lobortis feugiat vivamus at. Cras tincidunt lobortis feugiat vivamus at augue eget."}},"27df7a56-27ca-4dc4-b699-9bd8958d3a10":{"type":"icon","settings":{"title":"What do I need to know?","desc":"Eu sem integer vitae justo eget. Ac auctor augue mauris augue neque gravida in fermentum. Congue eu consequat ac felis donec et. Laoreet non curabitur gravida arcu ac tortor dignissim. Auctor augue mauris augue neque gravida in fermentum et sollicitudin. Interdum varius sit amet mattis vulputate enim nulla aliquet. Gravida rutrum quisque non tellus orci ac auctor augue. Volutpat consequat mauris nunc congue nisi vitae suscipit tellus mauris. Vitae sapien pellentesque habitant morbi tristique senectus et netus et. Vivamus arcu felis bibendum ut tristique et egestas quis."}},"7c74952c-6d7b-4bba-92c6-43b4ae674c4a":{"type":"icon","settings":{"title":"How will I know if order is placed successfully?","desc":"Risus ultricies tristique nulla aliquet enim tortor. Nisi est sit amet facilisis magna etiam. Eu mi bibendum neque egestas congue quisque. Eget arcu dictum varius duis. Felis imperdiet proin fermentum leo vel orci porta. Rhoncus urna neque viverra justo nec. Cursus turpis massa tincidunt dui ut ornare lectus sit amet. Eget lorem dolor sed viverra ipsum nunc aliquet bibendum enim. Morbi enim nunc faucibus a pellentesque sit amet. Pellentesque elit ullamcorper dignissim cras tincidunt lobortis feugiat vivamus at. Aliquam purus sit amet luctus."}},"e347ad05-6f1b-445c-ac2d-6c8e4e07451d":{"type":"icon","settings":{"title":"How do I check the status of my order?","desc":"Pulvinar pellentesque habitant morbi tristique senectus et netus et. Fusce ut placerat orci nulla pellentesque. Porttitor rhoncus dolor purus non enim praesent elementum facilisis. Facilisis mauris sit amet massa vitae tortor condimentum lacinia. Facilisis magna etiam tempor orci eu lobortis elementum nibh tellus. Faucibus nisl tincidunt eget nullam non. Urna molestie at elementum eu facilisis sed odio. Viverra nam libero justo laoreet. Proin sagittis nisl rhoncus mattis."}},"673ca020-b253-4288-87f0-b5ef80cb1aaf":{"type":"icon","settings":{"title":"Can I cancel my order?","desc":"Pharetra convallis posuere morbi leo urna molestie. Tellus cras adipiscing enim eu turpis egestas pretium aenean. Morbi leo urna molestie at. Faucibus nisl tincidunt eget nullam non nisi est sit amet. Enim ut sem viverra aliquet eget sit amet. Mauris cursus mattis molestie a iaculis at erat pellentesque adipiscing. Sit amet tellus cras adipiscing enim. Auctor urna nunc id cursus metus aliquam eleifend mi in. Nunc faucibus a pellentesque sit. Consequat ac felis donec et odio pellentesque."}},"5063d690-9354-4ee1-a479-c19e11b7f5d7":{"type":"icon","settings":{"title":"Do you allow exchanges?","desc":"Scelerisque purus semper eget duis at tellus at urna. Est lorem ipsum dolor sit amet consectetur adipiscing elit pellentesque. Adipiscing diam donec adipiscing tristique risus nec. Commodo ullamcorper a lacus vestibulum sed arcu. Quis lectus nulla at volutpat diam. Enim diam vulputate ut pharetra sit amet. Elementum facilisis leo vel fringilla est. Vel facilisis volutpat est velit egestas. Luctus venenatis lectus magna fringilla urna porttitor rhoncus dolor. Elit at imperdiet dui accumsan sit amet nulla facilisi morbi. Mauris pellentesque pulvinar pellentesque habitant morbi tristique senectus et netus."}},"384af50e-2bea-4a93-8c4b-ad35fa333a2d":{"type":"icon","settings":{"title":"What are the shipping charges?","desc":"Sit amet aliquam id diam maecenas ultricies. Adipiscing at in tellus integer feugiat scelerisque varius morbi. Nibh tortor id aliquet lectus proin nibh nisl condimentum id. Risus in hendrerit gravida rutrum quisque non. Suspendisse ultrices gravida dictum fusce ut. Donec pretium vulputate sapien nec. Elementum curabitur vitae nunc sed velit. Integer feugiat scelerisque varius morbi enim nunc faucibus a. Cras ornare arcu dui vivamus arcu felis bibendum. Consectetur adipiscing elit pellentesque habitant morbi tristique senectus et. Sit amet mauris commodo quis imperdiet massa tincidunt nunc."}}},"block_order":["1b4b54c9-8880-4fe6-9658-1dc17d72ad38","27df7a56-27ca-4dc4-b699-9bd8958d3a10","7c74952c-6d7b-4bba-92c6-43b4ae674c4a","e347ad05-6f1b-445c-ac2d-6c8e4e07451d","673ca020-b253-4288-87f0-b5ef80cb1aaf","5063d690-9354-4ee1-a479-c19e11b7f5d7","384af50e-2bea-4a93-8c4b-ad35fa333a2d"],"settings":{"full":false,"spacing_both_ends":false,"section_heading":"FAQ","section_sub_heading":"","section_description":"","section_button_text":"","section_heading_color":"#000000","section_sub_heading_color":"#000000","section_description_color":"#000000","section_button_bg_color":"#d14031","section_button_text_color":"#ffffff","section_button_hover_bg_color":"#000000","section_button_hover_text_color":"#ffffff","heading_position":"text-center","block_style":"default-style","text_position":"text-start","border_radius":"0","enable_box_shadow":false,"enable_heading_icons":false,"faq_icon_size":"30","enable_segmented_layout":true,"segmented_layout_gap":"15","faq_heading_color":"#ffffff","faq_heading_bg_color":"#d14031","faq_content_color":"#000000","faq_content_bg_color":"#fdefe1","custom_class_name":""}},"list-collection-template":{"type":"list-collection-template","settings":{"use_custom_list_collection":false,"list-collections":"","collection_btn_text":"Shop Now","show_item_count":true,"show_excerpt":true,"grid":"3"}},"1620015564bc27c821":{"type":"slideshow","blocks":{"85331e5a-681b-4482-b364-7fd6aa399ca0":{"type":"Slider","settings":{"image":"shopify:\/\/shop_images\/slider.jpg","mobile_bg_clr":"rgba(0,0,0,0)","title_2":"Year end sale","subheading_color":"#000000","subheading_size":"40","title":"Get 70% Off for All Design Books","heading_color":"#d14031","heading_size":"60","desc":"Donec sodales sagittis magna. SedMaecenas nec odio et ante tincidunt tempus. Donec vitae sapien ut libero venenatis faucibus. Nullam quis ante.","desc_color":"","desc_size":"16","button":"Shop Now","link":"shopify:\/\/collections\/ficition","btn_bg_color":"","btn_txt_color":"","btn_hoverbg_color":"","btn_hovertxt_color":"","button_2":"","btn_bg_color_2":"","btn_txt_color_2":"","btn_hoverbg_color_2":"","btn_hovertxt_color_2":"","slide_content_bg":"rgba(0,0,0,0)","text_alignment":"text-start","content_position":"center-left"}}},"block_order":["85331e5a-681b-4482-b364-7fd6aa399ca0"],"settings":{"full":true,"spacing_both_ends":false,"margin":"0,0","slider_height":850,"slider_height_lap":700,"slider_height_tab":550,"slider_height_mobile":300,"enable_box_shadow":false,"border_radius":"0","content_border_radius":"0","autoplay":false,"slideshow_speed":"5000","dots":false,"carousel_pagination_alignment":"center_pagination","carousel_pagination_bottom_alignment":"inside_element","arrows":false,"nav_arrow_position":"navigation-bottom-center","center_nav_arrow_alignment":"inside_container","navigation_button_color":"","navigation_button_icon_color":"","navigation_button_hover_color":"","navigation_button_hover_icon_color":"","navigation_dot_color":"","navigation_dot_active_color":"","custom_class_name":""}},"1620015636e442c80a":{"type":"home-support-block","blocks":{"ebceb161-3c6b-4307-9dd3-0c19746898f0":{"type":"icon","settings":{"icon":"shopify:\/\/shop_images\/icon-4.png","title":"Free Shipping","desc":"Order over $100","link_text":""}},"283e52a6-711d-4838-9fd0-69b624b75176":{"type":"icon","settings":{"icon":"shopify:\/\/shop_images\/icon-3.png","title":"Secure Payment","desc":"100% Secure Payment","link_text":""}},"61c727de-8096-4972-8a22-55c46e9eb18c":{"type":"icon","settings":{"icon":"shopify:\/\/shop_images\/icon-2.png","title":"Best Price","desc":"Guaranteed Price","link_text":""}},"4af0e2be-fee6-43cb-8a4d-eb2f7868f070":{"type":"icon","settings":{"icon":"shopify:\/\/shop_images\/icon-1.png","title":"Free Returns","desc":"Within 30 Days returns","link_text":""}}},"block_order":["ebceb161-3c6b-4307-9dd3-0c19746898f0","283e52a6-711d-4838-9fd0-69b624b75176","61c727de-8096-4972-8a22-55c46e9eb18c","4af0e2be-fee6-43cb-8a4d-eb2f7868f070"],"settings":{"full":false,"spacing_both_ends":false,"padding":"30,0","margin":"0,0","show_background_image":false,"background_style":"default","enable_overlay":true,"background_color":"#fafafa","overlay_transparency":"","section_heading":"","section_sub_heading":"","section_description":"","section_button_text":"","section_heading_color":"","section_sub_heading_color":"","section_description_color":"","section_button_bg_color":"","section_button_text_color":"","section_button_hover_bg_color":"","section_button_hover_text_color":"","heading_position":"text-center","text_position":"text-start","block_style":"default-style","grid":"4","enable_grid_style":false,"vertical_position":"position-default","reverse_column":false,"border_radius":"0px","icon_border_radius":"0px","enable_box_shadow":false,"block_icon_outer_size":"50px","block_icon_size":"60px","block_border_color":"rgba(0,0,0,0)","block_bg":"rgba(0,0,0,0)","block_icon_bg":"rgba(0,0,0,0)","block_icon_border_color":"rgba(0,0,0,0)","block_heading_color":"","block_description_color":"#676767","block_button_bg_color":"","block_button_text_color":"","block_button_hover_bg_color":"","block_button_hover_text_color":"","custom_class_name":"type1"}},"162001566299193a23":{"type":"home-product-tab","blocks":{"8c7ff228-a678-41d4-8e82-b9f354177648":{"type":"tab","settings":{"tab":"ficition","block_title":"All"}},"d88ff871-6f9c-48e9-8232-3a0fa712efcb":{"type":"tab","settings":{"tab":"humor","block_title":"Cook book"}},"beff9fcf-13b2-48be-b1ab-0097d86993a5":{"type":"tab","settings":{"tab":"history","block_title":"History"}},"a5d999b0-4a0c-439b-a987-b8089a2015cd":{"type":"tab","settings":{"tab":"literature","block_title":"Fantacy"}},"dee09033-0886-4511-84ce-eedd80ffa8b7":{"type":"tab","settings":{"tab":"new-arrivals","block_title":"Romance"}}},"block_order":["8c7ff228-a678-41d4-8e82-b9f354177648","d88ff871-6f9c-48e9-8232-3a0fa712efcb","beff9fcf-13b2-48be-b1ab-0097d86993a5","a5d999b0-4a0c-439b-a987-b8089a2015cd","dee09033-0886-4511-84ce-eedd80ffa8b7"],"settings":{"full":false,"spacing_both_ends":false,"padding":"100,0","margin":"0,0","show_background_image":false,"background_style":"default","enable_overlay":false,"background_color":"","overlay_transparency":"0.5","section_heading":"New Arrivals","section_sub_heading":"","section_description":"","section_button_text":"","section_heading_color":"","section_sub_heading_color":"","section_description_color":"","section_button_bg_color":"","section_button_text_color":"","section_button_hover_bg_color":"","section_button_hover_text_color":"","heading_position":"text-center","content_width":"50\/100","lap_content_width":"35\/65","grouped_content_bg":"","grouped_column_gap":"30","grouped_content_padding":"0","group_border_radius":"0","enable_group_box_shadow":false,"reverse_column":false,"enable_additional_content":false,"additional_block_background_color":"","additional_block_box_shadow":false,"additional_content_padding":"0","additional_block_border_radius":"0","enable_main_content":true,"main_block_background_color":"","enable_main_block_box_shadow":false,"main_block_border_radius":"0","main_content_padding":"0","enable_list_view":false,"grid":"4","post_limit":8,"column_gap":"30","border_radius":"","tab_style":"style-2","tab_alignment":"text-center","tab_link_bg_color":"rgba(0,0,0,0)","tab_link_color":"#000000","tab_link_bg_hover_color":"#d14031","tab_link_hover_text_color":"#ffffff","tab_content_bg_color":"","tab_content_border_color":"","enable_slider":false,"items_per_view":4,"rows":3,"slider_autoplay":0,"enable_auto_height":false,"dots":false,"carousel_pagination_alignment":"center_pagination","carousel_pagination_bottom_alignment":"outside_element","arrows":false,"nav_arrow_position":"navigation-top-right","center_nav_arrow_alignment":"inside_container","navigation_button_color":"","navigation_button_icon_color":"","navigation_button_hover_color":"","navigation_button_hover_icon_color":"","navigation_dot_color":"","navigation_dot_active_color":"","custom_class_name":""}},"1620015718a86234fa":{"type":"home-deal-banner","settings":{"full":false,"spacing_both_ends":false,"padding":"150,150","margin":"100,100","show_background_image":true,"background_image":"shopify:\/\/shop_images\/bg-img-3.jpg","background_style":"default","enable_overlay":false,"background_color":"","overlay_transparency":"0.5","section_heading":"","section_sub_heading":"","section_description":"","section_button_text":"","heading_position":"text-center","section_heading_color":"","section_sub_heading_color":"rgba(0,0,0,0)","section_description_color":"","section_button_bg_color":"","section_button_text_color":"","section_button_hover_bg_color":"","section_button_hover_text_color":"","show_image":false,"block_title":"Shop wide range of collections","block_sub_title":"Book Festival","block_description":"All books are flat <strong>50% OFF <\/strong>","deal_end_date":"","deals_border_radius":"0","block_button_text":"Shop Now","block_button_link":"shopify:\/\/collections\/history","block_text_align":"text-center","title_color":"","sub_title_color":"#d14031","description_color":"","button_bg_color":"","button_text_color":"","button_hover_bg_color":"","button_hover_text_color":"","deals_section_bg_color":"","deals_section_timer_color":"","deals_section_timer_duration_color":"","custom_class_name":"book-festival"}},"1620015980783b9895":{"type":"home-featured-blog","settings":{"full":false,"spacing_both_ends":false,"padding":"130,120","margin":"0,0","show_background_image":false,"background_style":"default","enable_overlay":false,"background_color":"","overlay_transparency":"0.5","section_heading":"Latest News","section_sub_heading":"","section_description":"","section_button_text":"","section_heading_color":"","section_sub_heading_color":"","section_description_color":"rgba(0,0,0,0)","section_button_bg_color":"","section_button_text_color":"","section_button_hover_bg_color":"","section_button_hover_text_color":"","heading_position":"text-center","blog":"news","blog_show_author":true,"blog_show_date":true,"blog_comments":false,"blog_show_tag":false,"blog_show_button":true,"blog_show_description":true,"enable_blog_icons":false,"block_banner_style":"grid-style","post_limit":3,"grid":"3","text_position":"text-start","enable_box_shadow":false,"vertical_position":"vertical-center","content_width":"50\/50","lap_content_width":"40\/60","overlay_style_height":400,"overlay_style":"use_overlay","overlay_color":"#d14031","overlay_opacity":"0.8","rotation_degree":"180","split_blog_layout":false,"split_gap":"30","enable_masonry_grid":false,"main_banner_style":"grid-style","additional_banner_style":"list-style","enable_masonry_reverse":false,"blog_bg_color":"","blog_link_color":"","blog_link_hover_color":"","blog_text_color":"#676767","blog_icon_color":"#676767","blog_button_bg_color":"","blog_button_text_color":"","blog_button_bg_hover_color":"","blog_button_text_hover_color":"","blog_link_color_overlay":"","blog_link_hover_color_overlay":"","blog_text_color_overlay":"","blog_icon_color_overlay":"rgba(0,0,0,0)","blog_button_bg_color_overlay":"","blog_button_text_color_overlay":"","blog_button_bg_hover_color_overlay":"","blog_button_text_hover_color_overlay":"","masonry_content_width":"50\/50","lap_masonry_content_width":"40\/60","enable_slider":false,"enable_auto_height":true,"items_per_view":2,"column_gap":"30","slider_autoplay":0,"dots":true,"carousel_pagination_alignment":"center_pagination","arrows":true,"nav_arrow_position":"center-navigation","center_nav_arrow_alignment":"inside_container","navigation_button_color":"","navigation_button_icon_color":"","navigation_button_hover_color":"","navigation_button_hover_icon_color":"","navigation_dot_color":"","navigation_dot_active_color":"","custom_class_name":""}},"162001619134bf2a8f":{"type":"home-newsletter","settings":{"full":false,"spacing_both_ends":false,"padding":"60,60","margin":"100,-90","show_background_image":false,"background_style":"default","background_color":"#f7f7f7","enable_overlay":true,"overlay_transparency":"","section_heading":"Subscribe to our news letter","section_sub_heading":"","section_description":"Enter your email address to receive regular  updates,  as well as news on  upcoming events and specific offers.","section_button_text":"","section_heading_color":"#d14031","section_sub_heading_color":"","section_description_color":"#676767","section_button_bg_color":"#000000","section_button_text_color":"","section_button_hover_bg_color":"","section_button_hover_text_color":"","heading_position":"text-start","section_position":"text-start","newsletter_form_width":"100%","newsletter_description":"","news_style":"default","reverse_column":false,"space_in_between":"","newsletter_box_border_color":"#d14031","newsletter_box_bg_color":"rgba(0,0,0,0)","newsletter_box_border_focus_color":"","newsletter_button_bg_color":"#000000","newsletter_button_text_color":"","newsletter_button_hover_bg_color":"#d14031","newsletter_button_hover_text_color":"","newsletter_description_color":"","custom_class_name":"default-type"}},"16200162287bb0c745":{"type":"home-brand-logos","blocks":{"16200162287bb0c745-0":{"type":"Image","settings":{"image":"shopify:\/\/shop_images\/client-logo-4.png","title":""}},"16200162287bb0c745-1":{"type":"Image","settings":{"image":"shopify:\/\/shop_images\/client-logo-5.png","title":"Brand Name"}},"16200162287bb0c745-2":{"type":"Image","settings":{"image":"shopify:\/\/shop_images\/client-logo-6.png","title":"Brand Name"}},"4baf0f41-9464-47ea-a304-77c72216c5fa":{"type":"Image","settings":{"image":"shopify:\/\/shop_images\/client-logo-2.png","title":"Brand Name"}},"622edf57-e15e-4c45-95ad-af42c305ad20":{"type":"Image","settings":{"image":"shopify:\/\/shop_images\/client-logo-1.png","title":"Brand Name"}},"de2a40d6-38e8-4baa-a0d7-269697467b50":{"type":"Image","settings":{"image":"shopify:\/\/shop_images\/client-logo-3.png","title":"Brand Name"}},"a08e531e-8cc1-4f4b-9395-05da81e41e83":{"type":"Image","settings":{"image":"shopify:\/\/shop_images\/home-logo-1.png","title":"Brand Name"}}},"block_order":["16200162287bb0c745-0","16200162287bb0c745-1","16200162287bb0c745-2","4baf0f41-9464-47ea-a304-77c72216c5fa","622edf57-e15e-4c45-95ad-af42c305ad20","de2a40d6-38e8-4baa-a0d7-269697467b50","a08e531e-8cc1-4f4b-9395-05da81e41e83"],"settings":{"full":false,"spacing_both_ends":false,"padding":"0,0","margin":"0,0","show_background_image":false,"background_style":"default","enable_overlay":false,"background_color":"","overlay_transparency":"0.5","section_heading":"","section_sub_heading":"","section_description":"","section_button_text":"","section_heading_color":"","section_sub_heading_color":"","section_description_color":"","section_button_bg_color":"","section_button_text_color":"","section_button_hover_bg_color":"","section_button_hover_text_color":"","heading_position":"text-center","grid":"6","block_style":"style-1","enable_box_shadow":false,"column_gap":"10","border_radius":"0","block_border_color":"","block_background_color":"","enable_slider":true,"enable_auto_height":false,"items_per_view":6,"slider_autoplay":0,"dots":true,"carousel_pagination_alignment":"center_pagination","arrows":false,"nav_arrow_position":"navigation-bottom-center","center_nav_arrow_alignment":"along_with_container","navigation_button_color":"","navigation_button_icon_color":"","navigation_button_hover_color":"","navigation_button_hover_icon_color":"","navigation_dot_color":"#e4e4e4","navigation_dot_active_color":"","custom_class_name":"default-brand-logos"}},"16200162817bf72db7":{"type":"home-product-carousel","settings":{"full":false,"spacing_both_ends":false,"padding":"100,100","margin":"0,0","show_background_image":false,"background_style":"default","enable_overlay":false,"background_color":"","overlay_transparency":"0.5","section_heading":"Daily Deals","section_sub_heading":"","section_description":"","section_button_text":"","section_heading_color":"","section_sub_heading_color":"","section_description_color":"","section_button_bg_color":"","section_button_text_color":"","section_button_hover_bg_color":"","section_button_hover_text_color":"","heading_position":"text-center","grouped_content_bg":"","grouped_column_gap":"30","grouped_content_padding":"0","group_border_radius":"0","enable_group_box_shadow":false,"reverse_column":false,"content_width":"30\/70","lap_content_width":"35\/65","additional_block_background_color":"","additional_block_box_shadow":false,"additional_content_padding":"0","additional_block_border_radius":"0","enable_main_content":true,"main_block_background_color":"","enable_main_block_box_shadow":false,"main_block_border_radius":"0","main_content_padding":"0","collection":"literature","column_gap":"30","border_radius":"0","enable_list_view":false,"grid":"4","post_limit":4,"enable_slider":false,"items_per_view":4,"rows":3,"slider_autoplay":0,"enable_auto_height":false,"dots":false,"carousel_pagination_alignment":"center_pagination","carousel_pagination_bottom_alignment":"outside_element","arrows":false,"nav_arrow_position":"navigation-top-right","center_nav_arrow_alignment":"inside_container","navigation_button_color":"","navigation_button_icon_color":"","navigation_button_hover_color":"","navigation_button_hover_icon_color":"","navigation_dot_color":"","navigation_dot_active_color":"","custom_class_name":"center-align-products"}},"16200166517ef14331":{"type":"home-deal-banner","settings":{"full":true,"spacing_both_ends":false,"padding":"100,100","margin":"0,0","show_background_image":true,"background_image":"shopify:\/\/shop_images\/spectacles-on-book.jpg","background_style":"fixed","enable_overlay":false,"background_color":"","overlay_transparency":"0.5","section_heading":"","section_sub_heading":"","section_description":"","section_button_text":"","heading_position":"text-center","section_heading_color":"","section_sub_heading_color":"","section_description_color":"","section_button_bg_color":"","section_button_text_color":"","section_button_hover_bg_color":"","section_button_hover_text_color":"","show_image":false,"block_title":"Wonderful Gifts","block_sub_title":"","block_description":"Give your family and friends a book","deal_end_date":"","deals_border_radius":"0","block_button_text":"Shop Now","block_button_link":"shopify:\/\/collections\/literature","block_text_align":"text-center","title_color":"#134683","sub_title_color":"","description_color":"#676767","button_bg_color":"","button_text_color":"","button_hover_bg_color":"","button_hover_text_color":"","deals_section_bg_color":"","deals_section_timer_color":"","deals_section_timer_duration_color":"","custom_class_name":"default-type"}},"inner-page-overlay-section":{"type":"inner-page-overlay-section","settings":{"enable":true,"full":false,"spacing_both_ends":false,"padding":"0,0","margin":"0,0","show_background_image":false,"background_style":"default","enable_overlay":false,"background_color":"","overlay_transparency":"0.5","section_heading":"inner-page overlay section","section_sub_heading":"Sub Heading","section_description":"Use this text to share the information which you like!.","section_button_text":"","section_heading_color":"","section_sub_heading_color":"","section_description_color":"","section_button_bg_color":"","section_button_text_color":"","section_button_hover_bg_color":"","section_button_hover_text_color":"","heading_position":"text-center","grid":"2","overlay_style_height":600,"overlay_style_height_laptop":500,"overlay_style_height_mobile":400,"block_bg":"","block_heading_color":"","block_sub_heading_color":"","block_description_color":""}},"inner-page-masonary-overlay-section":{"type":"inner-page-masonary-overlay-section","settings":{"enable":true,"full":false,"spacing_both_ends":false,"padding":"0,0","margin":"0,0","show_background_image":false,"background_style":"default","enable_overlay":false,"background_color":"#f5f5f5","overlay_transparency":"0.5","section_heading":"inner-page overlay section","section_sub_heading":"Sub Heading","section_description":"Use this text to share the information which you like!.","section_button_text":"","section_heading_color":"","section_sub_heading_color":"","section_description_color":"","section_button_bg_color":"","section_button_text_color":"","section_button_hover_bg_color":"","section_button_hover_text_color":"","heading_position":"text-center","primary_title":"Title","primary_sub_title":"Sub title","primary_description":"Short description","primary_button_text":"","main_banner_height":600,"main_banner_height_lap":550,"main_banner_height_tab":500,"main_banner_height_mobile":450,"block_bg":"","block_heading_color":"","block_sub_heading_color":"","block_description_color":"","primary_button_bg_color":"","primary_button_text_color":"","primary_button_hover_bg_color":"","primary_button_hover_text_color":""}},"inner-page-partial-overlay-section":{"type":"inner-page-partial-overlay-section","settings":{"enable":true,"full":false,"spacing_both_ends":false,"padding":"0,0","margin":"0,0","show_background_image":false,"background_style":"default","enable_overlay":false,"background_color":"","overlay_transparency":"0.5","section_heading":"inner-page partial overlay section","section_sub_heading":"Sub Heading","section_description":"Use this text to share the information which you like!.","section_button_text":"","section_heading_color":"","section_sub_heading_color":"","section_description_color":"","section_button_bg_color":"","section_button_text_color":"","section_button_hover_bg_color":"","section_button_hover_text_color":"","heading_position":"text-center","grid":"2","overlay_style_height":500,"overlay_style_height_laptop":550,"overlay_style_height_tab":600,"overlay_style_height_mobile":650,"block_bg":"","block_heading_color":"","block_description_color":"","block_price_bg_color":"","block_price_color":"","block_icon_color":"","block_icon_bg_color":""}},"inner-page-list-with-image-section":{"type":"inner-page-list-with-image-section","settings":{"enable":true,"full":false,"spacing_both_ends":false,"padding":"0,0","margin":"0,0","show_background_image":false,"background_style":"default","enable_overlay":false,"background_color":"","overlay_transparency":"0.5","section_heading":"List with image section","section_sub_heading":"Sub Heading","section_description":"Use this text to share the information which you like!.","section_button_text":"","section_heading_color":"","section_sub_heading_color":"","section_description_color":"","section_button_bg_color":"","section_button_text_color":"","section_button_hover_bg_color":"","section_button_hover_text_color":"","heading_position":"text-center","title":"Heading","text":"Sed vestibulum nulla elementum auctor tincidunt. Aliquam sit amet cursus mauris. Sed vitae mattis ipsum. Vestibulum enim nulla, sollicitudin ac hendrerit nec, tempor quis nisl","block_heading_color":"","block_description_color":"","block_list_icon_color":"","block_list_color":""}},"inner-page-content-with-image-section":{"type":"inner-page-content-with-image-section","blocks":{"03387f4c-06fd-4ff7-a73e-f4caaba9de5c":{"type":"content","settings":{"image":"shopify:\/\/shop_images\/abo-01.jpg","font_icon":"fa fa-tint","title":"Give life to reading","text":"Viverra justo nec ultrices dui. Sit amet volutpat consequat mauris nunc congue nisi vitae. Lorem ipsum dolor sit amet. Sit amet consectetur adipiscing elit duis tristique sollicitudin nibh. Diam maecenas ultricies mi eget. \n.<br><br>\n\nInteger quis auctor elit sed vulputate mi sit amet mauris. Quam lacus suspendisse faucibus interdum posuere lorem. Nibh tellus molestie nunc non blandit massa enim nec dui. Suspendisse in est ante in nibh mauris.","reverse_column":false}},"04f70f2f-95ed-4ab9-bd33-ed1f31e6074e":{"type":"content","settings":{"image":"shopify:\/\/shop_images\/abo-02.jpg","font_icon":"fa fa-server","title":"Seed of knowledge","text":"Feugiat nibh sed pulvinar proin gravida hendrerit lectus. Accumsan tortor posuere ac ut consequat semper viverra. Pellentesque habitant morbi tristique senectus et netus et malesuada. Accumsan sit amet.<br><br>\n\nPorem ipsum dolor sit amet, consectetur adipiscing elit, sed do eiusmod tempor incididunt ut labore et dolore magna aliqua. Pellentesque nec nam aliquam sem et. Cras sed felis eget velit aliquet lacus faucibus non est.","reverse_column":true}},"37ac6fbe-5bed-4bec-885c-f9ae7d533bd3":{"type":"content","settings":{"image":"shopify:\/\/shop_images\/abo-03.jpg","font_icon":"fa fa-male","title":"Best for bookworms","text":"Sed id semper risus in hendrerit gravida rutrum quisque. Malesuada nunc vel risus commodo viverra maecenas. At lectus urna duis convallis. Bibendum neque egestas congue quisque egestas diam. Volutpat commodo.\n<br><br>\n\nCursus vitae congue mauris rhoncus aenean. Laoreet non curabitur gravida arcu ac tortor. Luctus venenatis lectus magna fringilla urna porttitor rhoncus dolor. Imperdiet proin fermentum leo vel orci porta non pulvinar.","reverse_column":false}}},"block_order":["03387f4c-06fd-4ff7-a73e-f4caaba9de5c","04f70f2f-95ed-4ab9-bd33-ed1f31e6074e","37ac6fbe-5bed-4bec-885c-f9ae7d533bd3"],"settings":{"enable":true,"full":false,"spacing_both_ends":false,"padding":"0,0","margin":"0,100","show_background_image":false,"background_style":"default","enable_overlay":false,"background_color":"","overlay_transparency":"0.5","section_heading":"","section_sub_heading":"","section_description":"","section_button_text":"","section_heading_color":"","section_sub_heading_color":"","section_description_color":"","section_button_bg_color":"","section_button_text_color":"","section_button_hover_bg_color":"","section_button_hover_text_color":"","heading_position":"text-center","block_bg_image":"shopify:\/\/shop_images\/pattern-leaf.png","block_bg":"","block_heading_color":"","block_description_color":"","block_icon_color":""}},"inner-page-image-with-icon-section":{"type":"inner-page-image-with-icon-section","settings":{"enable":true,"full":false,"spacing_both_ends":false,"padding":"0,0","margin":"0,0","show_background_image":false,"background_style":"default","enable_overlay":false,"background_color":"","overlay_transparency":"0.5","section_heading":"Image with icon section","section_sub_heading":"Sub Heading","section_description":"Use this text to share the information which you like!.","section_button_text":"","section_heading_color":"","section_sub_heading_color":"","section_description_color":"","section_button_bg_color":"","section_button_text_color":"","section_button_hover_bg_color":"","section_button_hover_text_color":"","heading_position":"text-center","grid":"3","block_heading_color":"","block_description_color":"","block_icon_bg_color":"","block_icon_color":"","block_icon_bg_hover_color":"","block_icon_hover_color":""}},"inner-page-image-with-icon-section-type-2":{"type":"inner-page-image-with-icon-section-type-2","settings":{"enable":true,"full":false,"spacing_both_ends":false,"padding":"0,0","margin":"0,0","show_background_image":false,"background_style":"default","enable_overlay":false,"background_color":"","overlay_transparency":"0.5","section_heading":"Image with icon section type 2","section_sub_heading":"Sub Heading","section_description":"Use this text to share the information which you like!.","section_button_text":"","section_heading_color":"","section_sub_heading_color":"","section_description_color":"","section_button_bg_color":"","section_button_text_color":"","section_button_hover_bg_color":"","section_button_hover_text_color":"","heading_position":"text-center","main_title":"Heading","sub_title":"Sed vestibulum nulla elementum auctor tincidunt. Aliquam sit amet cursus mauris. Sed vitae mattis ipsum.","block_heading_color":"","block_description_color":"","block_icon_bg_color":"","block_icon_color":"","block_icon_bg_hover_color":"","block_icon_hover_color":""}},"inner-page-icon-text-section":{"type":"inner-page-icon-text-section","settings":{"enable":true,"full":false,"spacing_both_ends":false,"padding":"0,0","margin":"0,0","show_background_image":false,"background_style":"default","enable_overlay":false,"background_color":"","overlay_transparency":"0.5","section_heading":"Icon with text","section_sub_heading":"Sub Heading","section_description":"Use this text to share the information which you like!.","section_button_text":"","section_heading_color":"","section_sub_heading_color":"","section_description_color":"","section_button_bg_color":"","section_button_text_color":"","section_button_hover_bg_color":"","section_button_hover_text_color":"","heading_position":"text-center","column":"four-column","block_heading_color":"","block_description_color":"","block_image_bg_color":"","block_image_bg_hover_color":""}},"inner-page-team-section":{"type":"inner-page-team-section","blocks":{"ccfc907b-a03f-4e38-942d-872b1a514485":{"type":"content","settings":{"image":"shopify:\/\/shop_images\/abo-04.jpg","name":"Jona Issac","designation":"CEO","facebook":"#","twitter":"#","pinterest":"#","youtube":"#"}},"73d9ed0a-f115-433c-b192-bedd5280c568":{"type":"content","settings":{"image":"shopify:\/\/shop_images\/abo-05.jpg","name":"Lency","designation":"Marketing Manager","facebook":"#","twitter":"#","pinterest":"#","youtube":"#"}},"2a50cf29-48f4-4b4a-99c4-fbe257a0577c":{"type":"content","settings":{"image":"shopify:\/\/shop_images\/abo-06.jpg","name":"Rony Diana","designation":"Support","facebook":"#","twitter":"#","pinterest":"#","youtube":"#"}},"c11a8ee0-f6eb-4d28-b306-8048d9b4435b":{"type":"content","settings":{"image":"shopify:\/\/shop_images\/abo-07.jpg","name":"Princy Charles","designation":"Company Supervisor","facebook":"#","twitter":"#","pinterest":"#","youtube":"#"}}},"block_order":["ccfc907b-a03f-4e38-942d-872b1a514485","73d9ed0a-f115-433c-b192-bedd5280c568","2a50cf29-48f4-4b4a-99c4-fbe257a0577c","c11a8ee0-f6eb-4d28-b306-8048d9b4435b"],"settings":{"enable":true,"full":false,"spacing_both_ends":false,"padding":"0,0","margin":"0,0","show_background_image":false,"background_style":"default","enable_overlay":false,"background_color":"","overlay_transparency":"0.5","section_heading":"About Our Team","section_sub_heading":"","section_description":"","section_button_text":"","section_heading_color":"","section_sub_heading_color":"","section_description_color":"","section_button_bg_color":"","section_button_text_color":"","section_button_hover_bg_color":"","section_button_hover_text_color":"","heading_position":"text-center","column":"four-column","block_heading_color":"","block_designation_color":"#676767","block_bg":"","block_social_icon_bg_color":"#d14031","block_social_icon_color":"#ffffff","block_social_icon_hover_bg_color":"#000000","block_social_icon_hover_color":"#ffffff"}},"inner-page-info-box-section":{"type":"inner-page-info-box-section","settings":{"enable":true,"full":false,"spacing_both_ends":false,"padding":"0,0","margin":"0,0","show_background_image":false,"background_style":"default","enable_overlay":false,"background_color":"","overlay_transparency":"0.5","section_heading":"Custom Info Box","section_sub_heading":"Sub Heading","section_description":"Use this text to share the information which you like!.","section_button_text":"","section_heading_color":"","section_sub_heading_color":"","section_description_color":"","section_button_bg_color":"","section_button_text_color":"","section_button_hover_bg_color":"","section_button_hover_text_color":"","heading_position":"text-center","heading":"Join Us :","sub_heading":"let's get our hands dirty","text":"Etiam sit amet orci eget eros faucibus tincidunt. Duis leo. Sed fringilla mauris sit amet nibh. Donec sodales sagittis magna.","button_text":"","block_bg":"","block_border":"","block_heading_color":"","block_sub_heading_color":"","block_description_color":"","block_button_bg_color":"","block_button_text_color":"","block_button_hover_bg_color":"","block_button_hover_text_color":""}},"inner-page-icon-box-section":{"type":"inner-page-icon-box-section","settings":{"enable":true,"full":false,"spacing_both_ends":false,"padding":"0,0","margin":"0,0","show_background_image":false,"background_style":"default","enable_overlay":false,"background_color":"#f5f5f5","overlay_transparency":"0.5","section_heading":"Icon box section","section_sub_heading":"Sub Heading","section_description":"Use this text to share the information which you like!.","section_button_text":"","section_heading_color":"","section_sub_heading_color":"","section_description_color":"","section_button_bg_color":"","section_button_text_color":"","section_button_hover_bg_color":"","section_button_hover_text_color":"","heading_position":"text-center","block_heading_color":"","block_description_color":"","block_icon_bg_color":"","block_icon_color":"","block_icon_bg_hover_color":"","block_icon_hover_color":""}},"inner-page-number-counter-section":{"type":"inner-page-number-counter-section","settings":{"enable":true,"full":false,"spacing_both_ends":false,"padding":"0,0","margin":"0,0","show_background_image":false,"background_style":"default","enable_overlay":false,"background_color":"","overlay_transparency":"0.5","section_heading":"Number Counter","section_sub_heading":"Sub Heading","section_description":"Use this text to share the information which you like!.","section_button_text":"","section_heading_color":"","section_sub_heading_color":"","section_description_color":"","section_button_bg_color":"","section_button_text_color":"","section_button_hover_bg_color":"","section_button_hover_text_color":"","heading_position":"text-center","grid":"4","column_gap":"30","counter_style":"grid","vertical_position":"vertical-top","block_text_align":"text-start","reverse_column":false,"enable_boxed":false,"enable_overall_border":false,"border_radius":"0","icon_border_radius":"0px","block_icon_outer_size":"75","block_icon_size":"50","enable_box_shadow":false,"block_bg_color":"","block_icon_border_color":"","block_icon_bg_color":"","block_icon_color":"","block_title_color":"","block_text_color":"","block_value_color":"","block_value_text_color":"","block_border_color":""}},"inner-page-brand-logos":{"type":"inner-page-brand-logos","settings":{"enable":true,"full":false,"spacing_both_ends":false,"padding":"0,0","margin":"0,0","show_background_image":false,"background_style":"default","enable_overlay":false,"background_color":"","overlay_transparency":"0.5","section_heading":"Brand logos","section_sub_heading":"Sub Heading","section_description":"Use this text to share the information which you like!.","section_button_text":"","section_heading_color":"","section_sub_heading_color":"","section_description_color":"","section_button_bg_color":"","section_button_text_color":"","section_button_hover_bg_color":"","section_button_hover_text_color":"","heading_position":"text-center","grid":"3","block_style":"style-3","enable_box_shadow":false,"column_gap":"30","border_radius":"0","block_border_color":"","block_background_color":"","enable_slider":false,"enable_auto_height":true,"items_per_view":4,"slider_autoplay":0,"dots":true,"carousel_pagination_alignment":"center_pagination","arrows":true,"nav_arrow_position":"navigation-bottom-center","center_nav_arrow_alignment":"outside_container","navigation_button_color":"","navigation_button_icon_color":"","navigation_button_hover_color":"","navigation_button_hover_icon_color":"","navigation_dot_color":"","navigation_dot_active_color":""}},"inner-page-testimonials-section":{"type":"inner-page-testimonials-section","blocks":{"4f26d209-7ef7-474f-a4d3-c43996354ff1":{"type":"content","settings":{"quote":"<p>Donec id tellus lacinia an, tincidunt risus ac, consequat velit. Quisquemos sodales suscipit tortor ditaemcos condimentum. Pellentesque posuere orci lobortis scelerisque blandit.<\/p>","icon":"shopify:\/\/shop_images\/abo-08.jpg","author":"Krist Watson","job":"Actor","star":"3"}},"33a6d525-e268-495e-9397-271bba91fe5e":{"type":"content","settings":{"quote":"<p>Quisquemos sodales suscipit tortor ditaemcos condimentum. Pellentesque posuere orci lobortis scelerisque blandit. Donec id tellus lacinia an, tincidunt risus ac, consequat velit.<\/p>","icon":"shopify:\/\/shop_images\/abo-10.jpg","author":"Christina","job":"Beautician","star":"4"}},"2898ff20-ba1a-4fdc-893f-60f106466551":{"type":"content","settings":{"quote":"<p>Pellentesque posuere orci lobortis scelerisque blandit. Donec id tellus lacinia an, tincidunt risus ac, consequat velit. Quisquemos sodales suscipit tortor ditaemcos condimentum<\/p>","icon":"shopify:\/\/shop_images\/abo-09.jpg","author":"Willson","job":"Teacher Assistant","star":"5"}}},"block_order":["4f26d209-7ef7-474f-a4d3-c43996354ff1","33a6d525-e268-495e-9397-271bba91fe5e","2898ff20-ba1a-4fdc-893f-60f106466551"],"settings":{"enable":true,"full":false,"spacing_both_ends":false,"padding":"100,100","margin":"0,100","show_background_image":false,"background_style":"default","enable_overlay":true,"background_color":"#fdefe1","overlay_transparency":"0.5","section_heading":"Testimonials","section_sub_heading":"","section_description":"","section_button_text":"","section_heading_color":"","section_sub_heading_color":"","section_description_color":"","section_button_bg_color":"","section_button_text_color":"","section_button_hover_bg_color":"","section_button_hover_text_color":"","heading_position":"text-center","grid":"2","block_style":"style_3","boxed_styles":"content_boxed","enable_box_shadow":false,"reverse_column":false,"text_position":"text-center","quote_style":"no-quote-icon","author_info_style":"style_2","border_radius":"0px","boxed_border_radius":"0","column_gap":"30","content_width":"30\/70","lap_content_width":"20\/80","vertical_position":"vertical-top","testimonial_border_color":"rgba(0,0,0,0)","testimonial_background_color":"rgba(0,0,0,0)","testimonial_content_color":"#000000","testimonial_review_color":"","testimonial_author_text_color":"","testimonial_author_designation_color":"","testimonial_author_separator_color":"","testimonial_quote_icon_color":"","enable_slider":true,"enable_auto_height":true,"items_per_view":2,"slider_autoplay":0,"dots":true,"carousel_pagination_alignment":"center_pagination","carousel_pagination_bottom_alignment":"outside_element","arrows":false,"nav_arrow_position":"center-navigation","center_nav_arrow_alignment":"outside_container","navigation_button_color":"","navigation_button_icon_color":"","navigation_button_hover_color":"","navigation_button_hover_icon_color":"","navigation_dot_color":"","navigation_dot_active_color":""}},"16221256455fd087bf":{"type":"home-grid-banner","blocks":{"16221256455fd087bf-0":{"type":"content","settings":{"block_image":"shopify:\/\/shop_images\/bg-img-1_1920X_106aff00-74d2-4c65-bde8-e84d2bb05455.jpg","show_image":false,"block_title":"Special Offers","block_sub_title":"30% Discount On Books Learn Language","block_description":"Cursus eget nunc scelerisque viverra mauris in aliquam sem. Dis parturient montes nascetur ridiculus mus. Ut consequat semper viversit amet.","block_button_text":"Shop Now","block_button_link":"shopify:\/\/collections\/humor","block_text_align":"text-start","content_position":"center-right","reverse_column":false,"block_banner_bg":"rgba(0,0,0,0)","block_content_box_bg":"rgba(0,0,0,0)","block_heading_color":"#676767","block_sub_heading_color":"#d14031","block_description_color":"#676767","block_button_bg_color":"#000000","block_button_text_color":"","block_button_hover_bg_color":"#d14031","block_button_hover_text_color":"","overlay_style":"use_overlay","overlay_color":"","overlay_opacity":"0.5","rotation_degree":"180"}}},"block_order":["16221256455fd087bf-0"],"settings":{"full":true,"spacing_both_ends":false,"padding":"90,90","margin":"10,0","show_background_image":true,"background_image":"shopify:\/\/shop_images\/bg-img-1_1920X_106aff00-74d2-4c65-bde8-e84d2bb05455.jpg","background_style":"default","enable_overlay":false,"background_color":"","overlay_transparency":"0.5","section_heading":"","section_sub_heading":"","section_description":"","section_button_text":"","section_heading_color":"","section_sub_heading_color":"","section_description_color":"","section_button_bg_color":"","section_button_text_color":"","section_button_hover_bg_color":"","section_button_hover_text_color":"","heading_position":"text-center","block_banner_style":"list","column_gap":"30","grid":"1","border_radius":"0","enable_box_shadow":false,"equal_height":false,"content_width":"100\/100","lap_content_width":"40\/60","overlay_style_height":600,"overlay_style_height_laptop":500,"overlay_style_height_mobile":400,"custom_class_name":"offer-section"}},"1622192419f77a50f9":{"type":"home-product-carousel-2","blocks":{"bdef3934-bf13-4536-ba95-aa65450e529b":{"type":"awards","settings":{"block_image":"shopify:\/\/shop_images\/award-6.png"}},"518d254a-4afb-4cab-8157-babb1e4eef47":{"type":"awards","settings":{"block_image":"shopify:\/\/shop_images\/award-3.png"}},"a9aca039-8d21-4682-aa51-a3fa92680df0":{"type":"awards","settings":{"block_image":"shopify:\/\/shop_images\/award-2.png"}},"21715ad7-b476-4e27-8ef3-7b9aad5ca539":{"type":"awards","settings":{"block_image":"shopify:\/\/shop_images\/award-5.png"}},"a947028f-c743-40a0-b9eb-c90398111ffe":{"type":"awards","settings":{"block_image":"shopify:\/\/shop_images\/award-4.png"}},"975286e3-a2ce-48df-92f9-3787ea0cfe46":{"type":"awards","settings":{"block_image":"shopify:\/\/shop_images\/award-6.png"}}},"block_order":["bdef3934-bf13-4536-ba95-aa65450e529b","518d254a-4afb-4cab-8157-babb1e4eef47","a9aca039-8d21-4682-aa51-a3fa92680df0","21715ad7-b476-4e27-8ef3-7b9aad5ca539","a947028f-c743-40a0-b9eb-c90398111ffe","975286e3-a2ce-48df-92f9-3787ea0cfe46"],"settings":{"full":false,"spacing_both_ends":false,"padding":"0,40","margin":"0,0","show_background_image":false,"background_style":"default","enable_overlay":false,"background_color":"","overlay_transparency":"0.5","section_heading":"BEST AUTHOR OF THE WEEK","section_sub_heading":"","section_description":"","section_button_text":"","section_heading_color":"","section_sub_heading_color":"","section_description_color":"","section_button_bg_color":"","section_button_text_color":"","section_button_hover_bg_color":"","section_button_hover_text_color":"","heading_position":"text-center","grouped_content_bg":"","grouped_column_gap":"30","grouped_content_padding":"0","group_border_radius":"0","enable_group_box_shadow":false,"reverse_column":true,"content_width":"62\/38","lap_content_width":"65\/35","additional_block_background_color":"","additional_block_box_shadow":false,"additional_content_padding":"","additional_block_border_radius":"0","enable_main_content":true,"main_block_background_color":"","enable_main_block_box_shadow":false,"main_block_border_radius":"0","main_content_padding":"","collection":"humor","column_gap":"30","border_radius":"0","enable_list_view":false,"grid":"2","post_limit":2,"enable_slider":true,"items_per_view":2,"rows":1,"slider_autoplay":0,"enable_auto_height":true,"dots":true,"carousel_pagination_alignment":"center_pagination","carousel_pagination_bottom_alignment":"outside_element","arrows":false,"nav_arrow_position":"navigation-top-left","center_nav_arrow_alignment":"inside_container","navigation_button_color":"","navigation_button_icon_color":"","navigation_button_hover_color":"","navigation_button_hover_icon_color":"","navigation_dot_color":"#e4e4e4","navigation_dot_active_color":"#d14031","block_image":"shopify:\/\/shop_images\/author.jpg","show_image":true,"block_title":"Dwayne Johnson","block_sub_title":"- author","block_description":"\"Pellentesque posuere orci lobortis scelerisque blandit. Donec id tellus lacinia an, tincidunt risus ac, consequat velit.\" <h4>My Awards<\/h4>","block_name":"","block_button_text":"","show_social":true,"block_banner_style":"grid","block_text_align":"text-start","grid_banner_box_shadow":false,"grid_banner_border_radius":"0","overlay_style_height":"400","content_position":"center-right","grid_banner_heading_color":"","grid_banner_sub_heading_color":"","grid_banner_description_color":"rgba(0,0,0,0)","grid_banner_button_bg_color":"rgba(0,0,0,0)","grid_banner_button_text_color":"","grid_banner_button_hover_bg_color":"","grid_banner_button_hover_text_color":"","grid_banner_content_bg":"rgba(0,0,0,0)","banner_image_overlay_style":"with-overlay","banner_image_overlay_color":"rgba(0,0,0,0)","banner_image_overlay_opacity":"0.5","banner_image_rotation_degree":"180","custom_class_name":"shop-team"}},"article-template":{"type":"article-template","settings":{"show_blog_author":false,"show_blog_date":false,"show_blog_tag":false,"social_sharing_blog":false,"blog_meta_color":"#676767","blog_meta_icon_color":"#676767"}}},"content_for_index":["1620015564bc27c821","1620015636e442c80a","162001566299193a23","1620015718a86234fa","1622192419f77a50f9","16221256455fd087bf","16200162817bf72db7","16200166517ef14331","1620015980783b9895","16200162287bb0c745","162001619134bf2a8f"]}}